{
    "login":{
        "email":"input[name=\"email\"]",
        "password":"input[name=\"password\"]",
        "loginbut":".mat-raised-button",
        "tips":".m-alert > span"    
    },
    "establish":{
        "menu1btn":":nth-child(1) > [href=\"javascript:;\"] > .m-menu__link-text",
        "testbtn":".m-menu__item--open > .m-menu__submenu > .m-menu__subnav > :nth-child(1) > .m-menu__link > .m-menu__link-text",
        "establishbtn":".table_right > [ngbdropdown=\"\"] > #dropdownBasic1",
        "unMargin":":nth-child(1) > .unMargin",
        "cro":":nth-child(4) > .m-input > .ant-select-selection > .ant-select-selection__rendered > .ant-select-search > .ant-select-search__field__wrap > .ant-select-search__field",
        "croul":".ng-tns-c21-10 > .ant-select-dropdown-menu",
        "department":":nth-child(5) > .m-input > .ant-select-selection > .ant-select-selection__rendered > .ant-select-search > .ant-select-search__field__wrap > .ant-select-search__field",
        "departmentul":".ng-tns-c21-11 > .ant-select-dropdown-menu",
        "pi":":nth-child(6) > .m-input > .ant-select-selection > .ant-select-selection__rendered > .ant-select-search > .ant-select-search__field__wrap > .ant-select-search__field",
        "piul":".ng-tns-c21-12 > .ant-select-dropdown-menu",
        "template":"[style=\"width:83%;float: left;\"] > .m-input > .ant-select-selection > .ant-select-selection__rendered > .ant-select-selection__placeholder",
        "templateul":".ng-tns-c21-13 > .ant-select-dropdown-menu",
        "preservationbtn":".mat-primary",
        "preservationbtnclick":".mat-primary > .mat-button-wrapper"
    },
    "projectList":{
        "name":"tbody > :nth-child(1) > .cdk-column-name > .ng-star-inserted",
        "state":":nth-child(1) > .cdk-column-state > .ng-star-inserted",
        "num":":nth-child(1) > .cdk-column-number > .brws-column-header-menu > .ng-star-inserted",
        "operation":"tbody > :nth-child(1) > .cdk-column-check",
        "operationitem":".table_right > :nth-child(5)"
    },
    "Notice":{
        "inputs1":":nth-child(1) > .form-control",
        "inputs2":"form.ng-untouched > :nth-child(2) > .form-control",
        "Noticebtn":".text-right > .mat-primary",
        "page":".mat-paginator-navigation-next > .mat-button-wrapper > .mat-paginator-icon"
    },
    "fileProject":{
        "Navigationbtn":":nth-child(2) > [href=\"javascript:;\"] > .m-menu__link-text",
        "Navigationbtn2":".m-menu__item--open > .m-menu__submenu > .m-menu__subnav > :nth-child(1) > .m-menu__link > .m-menu__link-text",
        "newbtn":".fastener"
    }
}