{
    "success":[
        {
            "email":"chenzx@abscd.com",
            "password":"981414"
        }
    ],
    "fail":[
        {
            "email":"che",
            "password":"111",
            "errortips":"密码要求最小长度是"
        },
        {
            "email":"chenzx",
            "password":"111111",
            "errortips":"用户名无效，请重新输入"
        },
        {
            "email":"chenzx@abscd.com",
            "password":"11111",
            "errortips":"用户名或密码不正确，请重新登录"
        }
    ]
}